English_full_name,English_short_name_using_title_case,FIFA_country_code,International_olympic_committee_country_code,ISO3166-1-Alpha-2,ISO3166-1-Alpha-3,ISO3166-1-Numeric,international licence plate country code,Country_code_top_level_domain,Currency Name,ISO4217-Alpha-3,ISO4217-Numeric,Currency Minor Unit,Capital_City,Recognized_Country_Flag,Dialing_Code,Mobile_Country_Code,Mobile_Network_Code
Islamic Republic of Afghanistan,Afghanistan,AFG,AFG,AF,AFG,4,AFG,.af,Afghani,AFN,971,2,Kabul,Y,93,412,"01,03,20th,30th,40,50,80,88"
,Åland Islands,,,AX,ALA,248,,.ax,Euro,EUR,978,2,Mariehamn,Y,358 18,,
Republic of Albania,Albania,ALB,ALB,AL,ALB,8,AL,.al,Lek,ALL,8,2,Tirana,Y,355,276,"01,02,03,04"
People's Democratic Republic of Algeria,Algeria,ALG,ALG,DZ,DZA,12,DZ,.dz,Algerian Dinar,DZD,12,2,Algiers,Y,213,603,"01,02,03"
,American Samoa,ASA,ASA,AS,ASM,16,AND,.as,US Dollar,USD,840,2,Pago Pago,Y,1 684,544,11
Principality of Andorra,Andorra,AND,AND,AD,AND,20,,.ad,Euro,EUR,978,2,Andorra la Vella,Y,376,213,3
Republic of Angola,Angola,ANG,ANG,AO,AGO,24,,.ao,Kwanza,AOA,973,2,Luanda,Y,244,631,"02,04"
,Anguilla,AIA,,AI,AIA,660,,.ai,East Caribbean Dollar,XCD,951,2,The Valley,Y,1 264,365,"10,840"
,Antarctica,,,AQ,ATA,10,,.aq,,,,,,Y,672,,
,Antigua and Barbuda,ATG,ANT,AG,ATG,28,,.ag,East Caribbean Dollar,XCD,951,2,St. John's,Y,1 268,344,"3,09,20,930"
Argentine Republic,Argentina,ARG,ARG,AR,ARG,32,RA,.ar,Argentine Peso,ARS,32,2,Buenos Aires,Y,54,722,"10,02,00,70,31,03,20,30,00,00,000"
Republic of Armenia,Armenia,ARM,ARM,AM,ARM,51,AM,.am,Armenian Dram,AMD,51,2,Yeravan,Y,374,283,"01,04,05,10"
,Aruba,ARU,ARU,AW,ABW,533,,.aw,Aruban Florin,AWG,533,2,Oranjestad,Y,297,363,"01,02,20th"
Commonwealth of Australia,Australia,AUS,AUS,AU,AUS,36,AUS,.au,Australian Dollar,AUD,36,2,Canberra,Y,61,505,"01,02,03,04,05,06,07,08,09,11,12,13th,14th,16,19th,24,26th,71,72,88,90,99"
Republic of Austria,Austria,AUT,AUT,AT,AUT,40,A,.at,Euro,EUR,978,2,Vienna,Y,43,43,"01,02,03,04,05,06,07,08,09,10,11,12,13th,14th,15th,17th,19th"
Republic of Azerbaijan,Azerbaijan,AZE,AZE,AZ,AZE,31,AZ,.az,Azerbaijan Manat,AZN,944,2,Baku,Y,994,400,"01,02,03,04"
The – Commonwealth of The Bahamas,Bahamas,BAH,BAH,BS,BHS,44,BS,.bs,Bahamian Dollar,BSD,44,2,Nassau,Y,1 242,364,"03,30th,39,390"
Kingdom of Bahrain,Bahrain,BHR,BRN,BH,BHR,48,BRN,.bh,Bahraini Dinar,BHD,48,3,Manama,Y,973,426,"01,02,04"
People's Republic of Bangladesh,Bangladesh,BAN,BAN,BD,BGD,50,BD,.bd,Taka,BDT,50,2,Dhaka,Y,880,470,"01,02,03,04,05,06,07"
,Barbados,BRB,BAR,BB,BRB,52,BDS,.bb,Barbados Dollar,BBD,52,2,Bridgetown,Y,1 246,342,"5,06,00,75,08,10,820"
Republic of Belarus,Belarus,BLR,BLR,BY,BLR,112,BY,.by,Belarusian Ruble,BYN,933,2,Minsk,Y,375,257,"01,02,03,04"
Kingdom of Belgium,Belgium,BEL,BEL,BE,BEL,56,B,.be,Euro,EUR,978,2,Brussels,Y,32,206,"01,02,05,06,10,20th"
,Belize,BLZ,BIZ,BZ,BLZ,84,BH,.bz,Belize Dollar,BZD,84,2,Belmopan,Y,501,702,"67,68"
Republic of Benin,Benin,BEN,BEN,BJ,BEN,204,DY,.bj,CFA Franc BCEAO,XOF,952,0,Porto-Novo,Y,229,616,"01,02,03,04,05"
,Bermuda,BER,BER,BM,BMU,60,,.bm,Bermudian Dollar,BMD,60,2,Hamilton,Y,1 441,350,"000,01,02,10,99"
Kingdom of Bhutan,Bhutan,BHU,BHU,BT,BTN,64,,.bt,Ngultrum,BTN,64,2,Thimpu,Y,975,402,"11,17th,77"
Plurinational State of Bolivia,Bolivia,BOL,BOL,BO,BOL,68,BOL,.bo,Boliviano,BOB,68,2,La Paz,Y,591,736,"01,02,03"
,"Bonaire, Sint Eustatius and Saba",,,BQ,BES,535,,.bq,US Dollar,USD,840,2,,Y,599 7,362,"5,19,16,30,951"
,Bosnia and Herzegovina,BIH,BIH,BA,BIH,70,BIH,.ba,Convertible Mark,BAM,977,2,Sarajevo,Y,387,218,"03,05,90"
Republic of Botswana,Botswana,BOT,BOT,BW,BWA,72,BW,.bw,Pula,BWP,72,2,Gaborone,Y,267,652,"01,02,04"
,Bouvet Island,,,BV,BVT,74,,,Norwegian Krone,NOK,578,2,,Y,55,,
Federative Republic of Brazil,Brazil,BRA,BRA,BR,BRA,76,BR,.br,Brazilian Real,BRL,986,2,Brasília,Y,55,724,"00,01,02,03,04,05,06,07,08,10,11,12,15th,16,19th,23,24,30th,31,32,33,34,37,38,39,54"
,British Indian Ocean Territory,,,IO,IOT,86,,.io,US Dollar,USD,840,2,,Y,246,995,1
"Nation of Brunei, the Abode of Peace",Brunei Darussalam,BRU,BRU,BN,BRN,96,BRU,.bn,Brunei Dollar,BND,96,2,Bandar Seri Begawan,Y,673,528,"01,02,11"
Republic of Bulgaria,Bulgaria,BUL,BUL,BG,BGR,100,BG,.bg,Bulgarian Lev,BGN,975,2,Sofia,Y,359,284,"01,03,05,06"
,Burkina Faso,BFA,BUR,BF,BFA,854,BF,.bf,CFA Franc BCEAO,XOF,952,0,Ouagadougou,Y,226,613,"01,02,03"
Republic of Burundi,Burundi,BDI,BDI,BI,BDI,108,RU,.bi,Burundi Franc,BIF,108,0,Gitega,Y,257,642,"01,02,03,07,08,82"
Republic of Cabo Verde,Cabo Verde,CPV,CPV,CV,CPV,132,,.cv,Cabo Verde Escudo,CVE,132,2,Praia,Y,238,625,"01,02"
Kingdom of Cambodia,Cambodia,CAM,CAM,KH,KHM,116,K,.kh,Riel,KHR,116,2,Phnom Penh,Y,855,456,"01,02,03,04,05,06,08,09,18th"
Republic of Cameroon,Cameroon,CMR,CMR,CM,CMR,120,CAM,.cm,CFA Franc BEAC,XAF,950,0,Yaoundé,Y,237,624,"01,02,04"
,Canada,CAN,CAN,CA,CAN,124,CDN,.ca,Canadian Dollar,CAD,124,2,Ottawa,Y,1,302,"2,20,32,03,60,36,13,70,00,00,00,00,00,00,00,00,00,00,00,00,00,00,00,00,00,00,00,00,00,00,00,00,00,00,00,00,00,00,00,00,00,000"
The Cayman Islands,Cayman Islands,CAY,CAY,KY,CYM,136,,.ky,Cayman Islands Dollar,KYD,136,2,George Town,Y,1 345,346,"60,50,140"
,Central African Republic,CTA,CAF,CF,CAF,140,RCA,.cf,CFA Franc BEAC,XAF,950,0,Bangui,Y,236,623,"01,02,03,04"
Republic of Chad,Chad,CHA,CHA,TD,TCD,148,"TCH,TD",.td,CFA Franc BEAC,XAF,950,0,N'Djamena,Y,235,622,"01,02,03,04"
Republic of Chile,Chile,CHI,CHI,CL,CHL,152,RCH,.cl,Chilean Peso,CLP,152,0,Santiago,Y,56,730,"00,01,02,03,04,05,06,07,08,09,10,11,12,13,14,15,19"
People's Republic of China,China,CHN,CHN,CN,CHN,156,,.cn,Yuan Renminbi,CNY,156,2,Beijing,Y,86,"4,60,461","460-00,460-01,460-02,460-03,460-04,460-05,460-06,460-07"
,Christmas Island,,,CX,CXR,162,,.cx,Australian Dollar,AUD,36,2,Flying Fish Cove,Y,61 89164,,
,Cocos (Keeling) Islands,,,CC,CCK,166,,.cc,Australian Dollar,AUD,36,2,West Island,Y,61 89162,,
Republic of Colombia,Colombia,COL,COL,CO,COL,170,,.co,Colombian Peso,COP,170,2,Bogotá,Y,57,732,"1,00,20,20,10,11,02,10,00,00,00,00,00,00,00,00,000"
Union of the Comoros,Comoros,COM,COM,KM,COM,174,,.km,Comorian Franc ,KMF,174,0,Moroni,Y,269,654,1
Republic of the Congo,Congo,CGO,CGO,CG,COG,178,RCB,,CFA Franc BEAC,XAF,950,0,Brazzaville,Y,242,629,"01,02,07,10"
,Democratic Republic of the Congo,COD,COD,CD,COD,180,CGO,.cd,Congolese Franc,CDF,976,2,Kinshasa,Y,243,630,"01,02,05,86,88,89,90"
,Cook Islands,COK,COK,CK,COK,184,,.ck,New Zealand Dollar,NZD,554,2,Avarua,Y,682,548,1
Republic of Costa Rica,Costa Rica,CRC,CRC,CR,CRI,188,CR,.cr,Costa Rican Colon,CRC,188,2,San José,Y,506,712,"01,02,03,04,20"
Ivory Coast,Côte d'Ivoire,CIV,CIV,CI,CIV,384,CI,.ci,CFA Franc BCEAO,XOF,952,0,,Y,225,612,"01,02,03,04,05,06,07"
Republic of Croatia,Croatia,CRO,CRO,HR,HRV,191,HR,.hr,Kuna,HRK,191,2,Zagreb,Y,385,219,"01,02,10"
Republic of Cuba,Cuba,CUB,CUB,CU,CUB,192,C,.cu,Cuban Peso,CUP,192,2,Havana,Y,53,368,1
,Curaçao,CUW,,CW,CUW,531,,.cw,Netherlands Antillean Guilder,ANG,532,2,Willemstad,Y,599 9,362,"69,95"
Republic of Cyprus,Cyprus,CYP,CYP,CY,CYP,196,CY,.cy,Euro,EUR,978,2,Nicosia,Y,357,280,"01,10,20"
Czech Republic,Czechia,CZE,CZE,CZ,CZE,203,CZ,.cz,Czech Koruna,CZK,203,2,Prague,Y,420,230,"01,02,03,04,05,08,99"
Kingdom of Denmark,Denmark,DEN,DEN,DK,DNK,208,DK,.dk,Danish Krone,DKK,208,2,Copenhagen,Y,45,238,"01,02,03,04,05,06,07,10,12,20,23,28,30,77"
Republic of Djibouti,Djibouti,DJI,DJI,DJ,DJI,262,,.dj,Djibouti Franc,DJF,262,0,Djibouti,Y,253,638,1
Commonwealth of Dominica,Dominica,DMA,DMA,DM,DMA,212,WD,.dm,East Caribbean Dollar,XCD,951,2,Roseau,Y,1 767,366,"2,00,50,110"
,Dominican Republic,DOM,DOM,DO,DOM,214,DOM,.do,Dominican Peso,DOP,214,2,Santo Domingo,Y,"1 809, 1 829, 1 849",370,"01,02,03,04"
Republic of Ecuador,Ecuador,ECU,ECU,EC,ECU,218,EC,.ec,US Dollar,USD,840,2,Quito,Y,593,740,"00,01,02"
Arab Republic of Egypt,Egypt,EGY,EGY,EG,EGY,818,ET,.eg,Egyptian Pound,EGP,818,2,Cairo,Y,20,602,"01,02,03"
Republic of El Salvador,El Salvador,SLV,ESA,SV,SLV,222,ES,.sv,El Salvador Colon,SVC,222,2,Sand Salvador,Y,503,706,"01,02,03,04,05"
Republic of Equatorial Guinea,Equatorial Guinea,EQG,GEQ,GQ,GNQ,226,,.gq,CFA Franc BEAC,XAF,950,0,Malabo,Y,240,627,"01,03"
State of Eritrea,Eritrea,ERI,ERI,ER,ERI,232,ER,.er,Nakfa,ERN,232,2,Asmara,Y,291,657,1
Republic of Estonia,Estonia,EST,EST,EE,EST,233,EST,.ee,Euro,EUR,978,2,Tallinn,Y,372,248,"01,02,03,04"
Kingdom of Eswatini,Eswatini,SWZ,SWZ,SZ,SWZ,748,SD,.sz,Lilangeni,SZL,748,2,Lobamba,Y,268,653,"01,10"
Federal Democratic Republic of Ethiopia,Ethiopia,ETH,ETH,ET,ETH,231,ETH,.et,Ethiopian Birr,ETB,230,2,Addis Ababa,Y,251,636,1
,Falkland Islands (Malvinas),,,FK,FLK,238,,.fk,Falkland Islands Pound,FKP,238,2,Stanley,Y,500,750,1
,Faroe Islands,FRO,,FO,FRO,234,FO,.fo,Danish Krone,DKK,208,2,Tórshavn,Y,298,288,"01,02,03"
Republic of Fiji,Fiji,FIJ,FIJ,FJ,FJI,242,FJI,.fj,Fiji Dollar,FJD,242,2,Suva,Y,679,542,"01,02"
Republic of Finland,Finland,FIN,FIN,FI,FIN,246,FIN,.fi,Euro,EUR,978,2,Helsinki,Y,358,244,"03,04,05,09,10,11,12,13,14,21,26,82,91"
French Republic,France,FRA,FRA,FR,FRA,250,F,.fr,Euro,EUR,978,2,Paris,Y,33,208,"00,01,02,03,04,05,06,07,09,10,11,13,14,15,16,17,20,21,22,23,24,25,26,27,28,29,31,88,89,91,92"
,French Guiana,,,GF,GUF,254,,.gf,Euro,EUR,978,2,,Y,594,340,"01,02,03,11,20"
,French Polynesia,,,PF,PYF,258,,.pf,CFP Franc,XPF,953,0,Papeete,Y,689,547,"15,20"
,French Southern Territories,,,TF,ATF,260,,.tf,Euro,EUR,978,2,,Y,262,,
Gabonese Republic,Gabon,GAB,GAB,GA,GAB,266,G,.ga,CFA Franc BEAC,XAF,950,0,Libreville,Y,241,628,"01,02,03,04"
Republic of The Gambia,Gambia,GAM,GAM,GM,GMB,270,WAG,.gm,Dalasi,GMD,270,2,,Y,220,607,"01,02,03,04"
,Georgia,GEO,GEO,GE,GEO,268,GE,.ge,Lari,GEL,981,2,Tbilisi,Y,995,282,"01,02,03,04,05"
Federal Republic of Germany,Germany,GER,GER,DE,DEU,276,D,.de,Euro,EUR,978,2,Berlin,Y,49,262,"01,02,03,04,05,06,07,08,09,10,11,12,13,14,16,17,20,42,43,77"
Republic of Ghana,Ghana,GHA,GHA,GH,GHA,288,GH,.gh,Ghana Cedi,GHS,936,2,Accra,Y,233,620,"01,02,03,04,06,07"
,Gibraltar,GIB,,GI,GIB,292,GBZ,.gi,Gibraltar Pound,GIP,292,2,Gibraltar,Y,350,266,"01,06,09"
Hellenic Republic,Greece,GRE,GRE,GR,GRC,300,GR,.gr,Euro,EUR,978,2,Athens,Y,30,202,"01,02,03,04,05,07,09,10,14"
,Greenland,,,GL,GRL,304,,.gl,Danish Krone,DKK,208,2,Nuuk,Y,299,290,1
,Grenada,GRN,GRN,GD,GRD,308,WG,.gd,East Caribbean Dollar,XCD,951,2,St. George's,Y,1 473,352,"3,00,50,110"
,Guadeloupe,,,GP,GLP,312,,.gp,Euro,EUR,978,2,,Y,590,340,"08,10"
,Guam,GUM,GUM,GU,GUM,316,,.gu,US Dollar,USD,840,2,Hagåtña,Y,1 671,"3,10,311","310-032,310-033,310-140,310-370,310-470,311-250"
Republic of Guatemala,Guatemala,GUA,GUA,GT,GTM,320,GCA,.gt,Quetzal,GTQ,320,2,Gautemala City,Y,502,704,"01,02,03"
,Guernsey,,,GG,GGY,831,GBG,.gg,Pound Sterling,GBP,826,2,St. Peter Port,Y,"44 1481, 44 7781, 44 7839, 44 7911",234,"03,50,55"
Republic of Guinea,Guinea,GUI,GUI,GN,GIN,324,RG,.gn,Guinean Franc,GNF,324,0,,Y,224,611,"01,02,03,04,05"
Republic of Guinea-Bissau,Guinea-Bissau,GNB,GBS,GW,GNB,624,,.gw,CFA Franc BCEAO,XOF,952,0,Conakry,Y,245,632,"01,02,03"
Co-operative Republic of Guyana,Guyana,GUY,GUY,GY,GUY,328,GUY,.gy,Guyana Dollar,GYD,328,2,Bissau,Y,592,738,"01,02"
Republic of Haiti,Haiti,HAI,HAI,HT,HTI,332,RH,.ht,Gourde,HTG,332,2,Port-au-Prince,Y,509,372,"01,02,03"
,Heard Island and McDonald Islands,,,HM,HMD,334,,.hm,Australian Dollar,AUD,36,2,,Y,672,,
Vatican City State,Holy See,,,VA,VAT,336,V,.va,Euro,EUR,978,2,,Y,"39 06 698, 379",,
Republic of Honduras,Honduras,HON,HON,HN,HND,340,HN,.hn,Lempira,HNL,340,2,Tegucigalpa,Y,504,708,"1,00,20,30,040"
Hong Kong Special Administrative Region of the People's Republic of China,Hong Kong,HKG,HKG,HK,HKG,344,,.hk,Hong Kong Dollar,HKD,344,2,,Y,852,454,"00,01,02,03,04,05,06,07,08,09,10,11,12,13,14,15,16,17,18,19,20,28,29,40,47"
,Hungary,HUN,HUN,HU,HUN,348,H,.hu,Forint,HUF,348,2,Budapest,Y,36,216,"01,30,70,71"
,Iceland,ISL,ISL,IS,ISL,352,IS,.is,Iceland Krona,ISK,352,0,Reykjavík,Y,354,274,"01,02,03,04,05,07,08,09,11"
Republic of India,India,IND,IND,IN,IND,356,IND,.in,Indian Rupee,INR,356,2,New Delhi,Y,91,"40,44,05,406","404-01,404-04,404-045,404-05,404-07,404-09,404-10,404-11,404-12,404-13,404-14,404-15,404-16,404-17,404-18,404-19,404-22,404-24,404-25,404-28,404-29,404-30,404-33,404-34,404-36,404-38,404-41,404-42,404-44,404-50,404-51,404-52,404-53,404-54,404-55,404-56,404-57,404-58,404-59,404-60,404-62,404-64,404-66,404-67,404-68,404-69,404-70,404-71,404-72,404-73,404-74,404-75,404-76,404-77,404-78,404-79,404-80,404-81,404-82,404-83,404-85,404-86,404-87,404-88,404-89,405-05,405-034,405-53"
Republic of Indonesia,Indonesia,IDN,INA,ID,IDN,360,RI,.id,Rupiah,IDR,360,2,Jakarta,Y,62,510,"00,01,07,08,09,10,11,21,27,28,89,99"
Islamic Republic of Iran,Iran,IRN,IRI,IR,IRN,364,IR,.ir,Iranian Rial,IRR,364,2,Tehran,Y,98,432,"11,14,19,20,32,35,70"
Republic of Iraq,Iraq,IRQ,IRQ,IQ,IRQ,368,IRQ,.iq,Iraqi Dinar,IQD,368,3,Baghdad,Y,964,418,"05,08,20,30,40,45,82,92"
,Ireland,IRL,IRL,IE,IRL,372,IRL,.ie,Euro,EUR,978,2,Dublin,Y,353,272,"01,02,03,04,05,07,09,11,13"
,Isle of Man,,,IM,IMN,833,GBM,.im,Pound Sterling,GBP,826,2,Douglas,Y,"44 1624, 44 7524, 44 7624, 44 7924",234,"18,36,58,73"
State of Israel,Israel,ISR,ISR,IL,ISR,376,IL,.il,New Israeli Sheqel,ILS,376,2,Jerusalem,Y,972,425,"01,02,03,07,08,12,14,15,16,19,77"
Italian Republic,Italy,ITA,ITA,IT,ITA,380,I,.it,Euro,EUR,978,2,Rome,Y,39,222,"00,01,02,06,07,08,10,30,33,34,35,43,44,48,77,88,99"
,Jamaica,JAM,JAM,JM,JAM,388,JA,.jm,Jamaican Dollar,JMD,388,2,Kingston,Y,1 876,338,"20,05,01,10,180"
,Japan,JPN,JPN,JP,JPN,392,J,.jp,Yen,JPY,392,0,Tokyo,Y,81,"4,40,441","440-00,440-01,440-02,440-03,440-04,440-06,440-07,440-08,440-09,440-10,440-11,440-12,440-13,440-14,440-15,440-16,440-17,440-18,440-19,440-20,440-21,440-22,440-23,440-24,440-25,440-26,440-27,440-28,440-29,440-30,440-31,440-32,440-33,440-34,440-35,440-36,440-37,440-38,440-39,440-40,440-41,440-42,440-43,440-44,440-45,440-46,440-47,440-48,440-49,440-50,440-51,440-52,440-53,440-54,440-55,440-56,440-58,440-60,440-61,440-62,440-63,440-64,440-65,440-66,440-67,440-68,440-69,440-70,440-71,440-72,440-73,440-74,440-75,440-76,440-77,440-78,440-79,440-80,440-81,440-82,440-83,440-84,440-85,440-86,440-87,440-88,440-89,440-90,440-92,440-93,440-94,440-95,440-96,440-97,440-98,440-99,441-40,441-41,441-42,441-43,441-44,441-45,441-61,441-62,441-63,441-64,441-65,441-70,441-90,441-91,441-92,441-93,441-94,441-98,441-99"
,Jersey,,,JE,JEY,832,GBJ,.je,Pound Sterling,GBP,826,2,St. Helier,Y,44 1534,234,"03,28,50,55"
Hashemite Kingdom of Jordan,Jordan,JOR,JOR,JO,JOR,400,HKJ,.jo,Jordanian Dinar,JOD,400,3,Amman,Y,962,416,"01,02,03,77"
Republic of Kazakhstan,Kazakhstan,KAZ,KAZ,KZ,KAZ,398,KZ,.kz,Tenge,KZT,398,2,Nur-Sultan,Y,"7 6, 7 7",401,"01,02,07,77"
Republic of Kenya,Kenya,KEN,KEN,KE,KEN,404,EAK,.ke,Kenyan Shilling,KES,404,2,Nairobi,Y,254,639,"02,03,05,07"
Republic of Kiribati,Kiribati,,KIR,KI,KIR,296,,.ki,Australian Dollar,AUD,36,2,South Tarawa,Y,686,545,9
Democratic People's Republic of Korea,North Korea,PRK,PRK,KP,PRK,408,,.kp,North Korean Won,KPW,408,2,Pyongyang,Y,850,467,193
Republic of Korea,South Korea,KOR,KOR,KR,KOR,410,ROK,.kr,Won,KRW,410,0,Seoul,Y,82,450,"02,03,04,05,06,08"
State of Kuwait,Kuwait,KUW,KUW,KW,KWT,414,KWT,.kw,Kuwaiti Dinar,KWD,414,3,Kuwait City,Y,965,419,"02,03,04"
Kyrgyz Republic,Kyrgyzstan,KGZ,KGZ,KG,KGZ,417,KS,.kg,Som,KGS,417,2,Bishkek,Y,996,437,"01,03,05,09"
 Lao People's Democratic Republic,Laos,LAO,LAO,LA,LAO,418,LAO,.la,Lao Kip,LAK,418,2,Vientiane,Y,856,457,"01,02,03,08"
Republic of Latvia,Latvia,LVA,LAT,LV,LVA,428,LV,.lv,Euro,EUR,978,2,Riga,Y,371,247,"01,02,03,05,06,07,08,09"
Lebanese Republic,Lebanon,LBN,LBN,LB,LBN,422,RL,.lb,Lebanese Pound,LBP,422,2,Beirut,Y,961,415,"01,03,32,33,34,35,36,37,38,39"
Kingdom of Lesotho,Lesotho,LES,LES,LS,LSO,426,LS,.ls,Loti,LSL,426,2,Maseru,Y,266,651,"01,02"
Republic of Liberia,Liberia,LBR,LBR,LR,LBR,430,LB,.lr,Liberian Dollar,LRD,430,2,Monrovia,Y,231,618,"01,02,04,07,20"
State of Libya,Libya,LBY,LBA,LY,LBY,434,LAR,.ly,Libyan Dinar,LYD,434,3,Tripoli,Y,218,606,"00,01,02,03,06"
Principality of Liechtenstein,Liechtenstein,LIE,LIE,LI,LIE,438,FL,.li,Swiss Franc,CHF,756,2,Vaduz,Y,423,295,"01,02,05,06,07,77"
Republic of Lithuania,Lithuania,LTU,LTU,LT,LTU,440,LT,.lt,Euro,EUR,978,2,Vilnius,Y,370,246,"01,02,03"
Grand Duchy of Luxembourg,Luxembourg,LUX,LUX,LU,LUX,442,L,.lu,Euro,EUR,978,2,Luxembourg,Y,352,270,"01,77,99"
Macao Special Administrative Region of the People's Republic of China,Macao,MAC,,MO,MAC,446,,.mo,Pataca,MOP,446,2,,Y,853,455,"00,01,02,03,04,05,06"
Republic of Madagascar,Madagascar,MAD,MAD,MG,MDG,450,RM,.mg,Malagasy Ariary,MGA,969,2,Antananarivo,Y,261,646,"01,02,03,04"
Republic of Malawi,Malawi,MWI,MAW,MW,MWI,454,MW,.mw,Malawi Kwacha,MWK,454,2,Lilongwe,Y,265,650,"01,10"
,Malaysia,MAS,MAS,MY,MYS,458,MAL,.my,Malaysian Ringgit,MYR,458,2,Kuala Lumpur,Y,60,502,"01,10,11,12,13,151,152,153,154,155,16,17,18,19,195,198,20"
,Maldives,MDV,MDV,MV,MDV,462,,.mv,Rufiyaa,MVR,462,2,Malé,Y,960,472,"01,02"
Republic of Mali,Mali,MLI,MLI,ML,MLI,466,RMM,.ml,CFA Franc BCEAO,XOF,952,0,Bamako,Y,223,610,"01,02"
Republic of Malta,Malta,MLT,MLT,MT,MLT,470,M,.mt,Euro,EUR,978,2,Valletta,Y,356,278,"01,21,77"
Republic of the Marshall Islands,Marshall Islands,,MHL,MH,MHL,584,,.mh,US Dollar,USD,840,2,Majuro,Y,692,551,1
,Martinique,,,MQ,MTQ,474,,.mq,Euro,EUR,978,2,,Y,596,340,12
Islamic Republic of Mauritania,Mauritania,MTN,MTN,MR,MRT,478,RIM,.mr,Ouguiya,MRU,929,2,Nouakchott,Y,222,609,"01,02,10"
Republic of Mauritius,Mauritius,MRI,MRI,MU,MUS,480,MS,.mu,Mauritius Rupee,MUR,480,2,Port Louis,Y,230,617,"01,02,03,10"
,Mayotte,,,YT,MYT,175,,.yt,Euro,EUR,978,2,,Y,"262 269, 262 639",647,"00,01,02,10"
United Mexican States,Mexico,MEX,MEX,MX,MEX,484,MEX,.mx,Mexican Peso,MXN,484,2,Mexico City,Y,52,334,"01,010,02,020,03,030,04,040,050,060,070,080,09,090,50"
Federated States of Micronesia,Micronesia,,FSM,FM,FSM,583,,.fm,US Dollar,USD,840,2,Palikir,Y,691,550,1
Republic of Moldova,Moldova,MDA,MDA,MD,MDA,498,MD,.md,Moldovan Leu,MDL,498,2,Chișinău,Y,373,259,"01,02,03,04,05,99"
Principality of Monaco,Monaco,,MON,MC,MCO,492,MC,.mc,Euro,EUR,978,2,Monaco,Y,377,212,"01,10"
,Mongolia,MNG,MGL,MN,MNG,496,MGL,.mn,Tugrik,MNT,496,2,Ulaanbaatar,Y,976,428,"00,88,91,98,99"
,Montenegro,MNE,MNE,ME,MNE,499,MNE,.me,Euro,EUR,978,2,Podgorica,Y,382,297,"01,02,03"
,Montserrat,MSR,,MS,MSR,500,,.ms,East Caribbean Dollar,XCD,951,2,Brades Estate,Y,1 664,354,860
Kingdom of Morocco,Morocco,MAR,MAR,MA,MAR,504,MA,.ma,Moroccan Dirham,MAD,504,2,Rabat,Y,212,604,"00,01,02"
Republic of Mozambique,Mozambique,MOZ,MOZ,MZ,MOZ,508,MOC,.mz,Mozambique Metical,MZN,943,2,Maputo,Y,258,643,"01,03,04"
Republic of the Union of Myanmar,Myanmar,MYA,MYA,MM,MMR,104,BUR,.mm,Kyat,MMK,104,2,Naypyidaw,Y,95,414,"01,05,06"
Republic of Namibia,Namibia,NAM,NAM,NA,NAM,516,NAM,.na,Namibia Dollar,NAD,516,2,Windhoek,Y,264,649,"01,02,03"
Republic of Nauru,Nauru,,NRU,NR,NRU,520,NAU,.nr,Australian Dollar,AUD,36,2,Yaren,Y,674,536,2
Federal Democratic Republic of Nepal,Nepal,NEP,NEP,NP,NPL,524,NEP,.np,Nepalese Rupee,NPR,524,2,Kathmandu,Y,977,429,"01,02,04"
Kingdom of the Netherlands,Netherlands,NED,NED,NL,NLD,528,NL,.nl,Euro,EUR,978,2,Amsterdam,Y,31,204,"02,03,04,05,06,07,08,09,10,12,14,15,16,17,18,20,21,23,24,28,68,69,98"
,New Caledonia,NCL,,NC,NCL,540,,.nc,CFP Franc,XPF,953,0,Nouméa,Y,687,546,1
,New Zealand,NZL,NZL,NZ,NZL,554,NZ,.nz,New Zealand Dollar,NZD,554,2,Wellington,Y,64,530,"01,02,03,04,05,24,28"
Republic of Nicaragua,Nicaragua,NCA,NCA,NI,NIC,558,NIC,.ni,Cordoba Oro,NIO,558,2,Managua,Y,505,710,"21,30,73"
Republic of Niger,Niger,NIG,NIG,NE,NER,562,RN,.ne,CFA Franc BCEAO,XOF,952,0,Niamey,Y,227,614,"01,02,03,04"
Federal Republic of Nigeria,Nigeria,NGA,NGR,NG,NGA,566,WAN,.ng,Naira,NGN,566,2,Abuja,Y,234,621,"01,20,25,30,40,50,60,99"
,Niue,,,NU,NIU,570,,.nu,New Zealand Dollar,NZD,554,2,Alofi,Y,683,555,1
,Norfolk Island,,,NF,NFK,574,,.nf,Australian Dollar,AUD,36,2,Kingston,Y,672,505,10
Republic of North Macedonia,North Macedonia,MKD,MKD,MK,MKD,807,NMK,.mk,Denar,MKD,807,2,Skopje,Y,672 3,294,"01,02,03,75"
,Northern Mariana Islands,,,MP,MNP,580,,.mp,US Dollar,USD,840,2,Saipan,Y,1 670,310,"1,10,370"
Kingdom of Norway,Norway,NOR,NOR,NO,NOR,578,N,.no,Norwegian Krone,NOK,578,2,Oslo,Y,47,242,"01,017,02,03,04,05,06,07,08,09,12,14,20,21,22,23"
Sultanate of Oman,Oman,OMA,OMA,OM,OMN,512,,.om,Rial Omani,OMR,512,3,Muscat,Y,968,422,"02,03"
Islamic Republic of Pakistan,Pakistan,PAK,PAK,PK,PAK,586,PK,.pk,Pakistan Rupee,PKR,586,2,Islamabad,Y,92,410,"01,03,04,06,07,08"
Republic of Palau,Palau,,PLW,PW,PLW,585,,.pw,US Dollar,USD,840,2,Ngerulmud,Y,680,552,"01,80"
State of Palestine,Palestine,PLE,PLE,PS,PSE,275,,.ps,,,,,Ramallah,Y,970,425,"05,06"
Republic of Panama,Panama,PAN,PAN,PA,PAN,591,PA,.pa,Balboa,PAB,590,2,Panama City,Y,507,714,"1,02,03,04,020"
Independent State of Papua New Guinea,Papua New Guinea,PNG,PNG,PG,PNG,598,PNG,.pg,Kina,PGK,598,2,Port Moresby,Y,675,537,"01,02,03"
Republic of Paraguay,Paraguay,PAR,PAR,PY,PRY,600,PY,.py,Guarani,PYG,600,0,Asunción,Y,595,744,"01,02,03,04,05"
Republic of Peru,Peru,PER,PER,PE,PER,604,PE,.pe,Sol,PEN,604,2,Lima,Y,51,716,"01,02,06,07,10,15,17,20"
Republic of the Philippines,Philippines,PHI,PHI,PH,PHL,608,RP,.ph,Philippine Peso,PHP,608,2,Manila,Y,63,515,"00,01,02,03,05,18,88"
,Pitcairn,,,PN,PCN,612,,.pn,New Zealand Dollar,NZD,554,2,Adamstown,Y,64,,
Republic of Poland,Poland,POL,POL,PL,POL,616,PL,.pl,Zloty,PLN,985,2,Warsaw,Y,48,260,"01,02,03,04,05,06,07,08,09,10,11,12,13,14,15,16,17,18,34,35,36,38,98"
Portuguese Republic,Portugal,POR,POR,PT,PRT,620,P,.pt,Euro,EUR,978,2,Lisbon,Y,351,268,"01,03,04,06,07"
,Puerto Rico,PUR,PUR,PR,PRI,630,,.pr,US Dollar,USD,840,2,San Juan,Y,"1 787, 1 939",330,"11,110"
State of Qatar,Qatar,QAT,QAT,QA,QAT,634,Q,.qa,Qatari Rial,QAR,634,2,Doha,Y,974,427,"01,02"
,Réunion,,,RE,REU,638,,.re,Euro,EUR,978,2,,Y,262,647,"00,02,10"
,Romania,ROU,ROU,RO,ROU,642,RO,.ro,Romanian Leu,RON,946,2,Bucharest,Y,40,226,"01,02,03,04,05,06,10,11,16"
,Russian Federation,RUS,RUS,RU,RUS,643,RUS,.ru,Russian Ruble,RUB,643,2,Moscow,Y,7,250,"01,02,03,04,05,07,10,11,12,13,15,16,17,19,20,28,35,39,44,92,93,99"
Republic of Rwanda,Rwanda,RWA,RWA,RW,RWA,646,RWA,.rw,Rwanda Franc,RWF,646,0,Kigali,Y,250,635,"10,13,14"
,Saint Barthélemy,,,BL,BLM,652,,,Euro,EUR,978,2,Gustavia,Y,590,340,"01,03,08,20"
,"Saint Helena, Ascension and Tristan da Cunha",,,SH,SHN,654,,.sh,Saint Helena Pound,SHP,654,2,Jamestown,Y,290,658,1
Federation of Saint Christopher and Nevis,Saint Kitts and Nevis,SKN,SKN,KN,KNA,659,,.kn,East Caribbean Dollar,XCD,951,2,Basseterre,Y,1 869,356,"5,00,70,110"
,Saint Lucia,LCA,LCA,LC,LCA,662,WL,.lc,East Caribbean Dollar,XCD,951,2,Castries,Y,1 758,358,"30,50,110"
,Saint Martin (French part),,,MF,MAF,663,,,Euro,EUR,978,2,Marigot,Y,590,340,"01,08,20"
,Saint Pierre and Miquelon,,,PM,SPM,666,,.pm,Euro,EUR,978,2,St. Pierre,Y,508,308,"01,02,03"
,Saint Vincent and the Grenadines,VIN,VIN,VC,VCT,670,WV,.vc,East Caribbean Dollar,XCD,951,2,Kingstown,Y,1 784,360,"5,01,00,110"
Independent State of Samoa,Samoa,SAM,SAM,WS,WSM,882,WS,.ws,Tala,WST,882,2,Apia,Y,685,549,"01,27"
Republic of San Marino,San Marino,SMR,SMR,SM,SMR,674,RSM,.sm,Euro,EUR,978,2,San Marino,Y,378,292,1
Democratic Republic of São Tomé and Príncipe,Sao Tome and Principe,STP,STP,ST,STP,678,,.st,Dobra,STN,930,2,São Tomé,Y,239,626,1
Kingdom of Saudi Arabia,Saudi Arabia,KSA,KSA,SA,SAU,682,KSA,.sa,Saudi Riyal,SAR,682,2,Riyadh,Y,966,420,"01,03,04,05,06,07"
Republic of Senegal,Senegal,SEN,SEN,SN,SEN,686,SN,.sn,CFA Franc BCEAO,XOF,952,0,Dakar,Y,221,608,"01,02,03"
Republic of Serbia,Serbia,SRB,SRB,RS,SRB,688,,.rs,Serbian Dinar,RSD,941,2,Belgrade,Y,381,220,"01,02,03,05"
Republic of Seychelles,Seychelles,SEY,SEY,SC,SYC,690,SY,.sc,Seychelles Rupee,SCR,690,2,Victoria,Y,248,633,"01,02,10"
Republic of Sierra Leone,Sierra Leone,SLE,SLE,SL,SLE,694,WAL,.sl,Leone,SLL,694,2,Freetown,Y,232,619,"01,02,03,04,05,25"
Republic of Singapore,Singapore,SIN,SGP,SG,SGP,702,SGP,.sg,Singapore Dollar,SGD,702,2,Singapore,Y,65,525,"01,02,03,05,06,07,12"
,Sint Maarten (Dutch part),,,SX,SXM,534,,.sx,Netherlands Antillean Guilder,ANG,532,2,Philipsburg,Y,1 721,362,"51,59,60"
Slovak Republic,Slovakia,SVK,SVK,SK,SVK,703,SK,.sk,Euro,EUR,978,2,Bratislava,Y,421,231,"01,02,03,04,05,06,15,99"
Republic of Slovenia,Slovenia,SVN,SLO,SK,SVN,705,SLO,.si,Euro,EUR,978,2,Ljubljana,Y,386,293,"10,40,41,64,70"
,Solomon Islands,SOL,SOL,SB,SLB,90,,.sb,Solomon Islands Dollar,SBD,90,2,Honiara,Y,677,540,"01,02,10"
Federal Republic of Somalia,Somalia,SOM,SOM,SO,SOM,706,SO,.so,Somali Shilling,SOS,706,2,Mogadishu,Y,252,637,"01,04,10,19,30,60,71,82"
Republic of South Africa,South Africa,RSA,RSA,ZA,ZAF,710,ZA,.za,Rand,ZAR,710,2,Cape Town,Y,27,655,"01,02,06,07,10,12,19,21"
,South Georgia and the South Sandwich Islands,,,GS,SGS,239,,.gs,,,,,King Edward Point,Y,500,,
Republic of South Sudan,South Sudan,SSD,SSD,SS,SSD,728,,.ss,South Sudanese Pound,SSP,728,2,Juba,Y,211,659,"02,03,04,06"
Kingdom of Spain,Spain,ESP,ESP,ES,ESP,724,E,.es,Euro,EUR,978,2,Madrid,Y,34,214,"01,03,04,05,06,07,08,09,11,15,16,17,18,19,20,21,22,23,25,26,27,32"
Democratic Socialist Republic of Sri Lanka,Sri Lanka,SRI,SRI,LK,LKA,144,CL,.lk,Sri Lanka Rupee,LKR,144,2,Sri Jayawardenepura Kotte,Y,94,413,"01,02,03,05,08"
Republic of the Sudan,Sudan,SDN,SUD,SD,SDN,729,SUD,.sd,Sudanese Pound,SDG,938,2,Khartoum,Y,249,634,"00,01,02,05,06,07,08,15,22"
Republic of Suriname,Suriname,SUR,SUR,SR,SUR,740,SME,.sr,Surinam Dollar,SRD,968,2,Paramaribo,Y,597,746,"01,02,03,04"
,Svalbard and Jan Mayen,,,SJ,SJM,744,,,Norwegian Krone,NOK,578,2,,Y,47 79,,
Kingdom of Sweden,Sweden,SWE,SWE,SE,SWE,752,S,.se,Swedish Krona,SEK,752,2,Stockholm,Y,46,240,"01,02,04,05,06,07,08,10,11,12,13th,14th,15th,16,17,18,19th,20th,22,23,24,25,26,27,28,29,30,35,36"
Swiss Confederation,Switzerland,SUI,SUI,CH,CHE,756,CH,.ch,Swiss Franc,CHF,756,2,Bern,Y,41,228,"01,02,03,05,07,08,09,12,51,52,53,54"
Syrian Arab Republic,Syria,SYR,SYR,SY,SYR,760,SYR,.sy,Syrian Pound,SYP,760,2,Damascus,Y,963,417,"01,02,09"
Republic of China,Taiwan,TPE,TPE,TW,TWN,158,RC,.tw,New Taiwan Dollar,TWD,901,2,Taipei,Y,886,466,"01,02,03,05,06,07,09,10,11,56,68,88,89,92,93,97,99"
Republic of Tajikistan,Tajikistan,TJK,TJK,TJ,TJK,762,TJ,.tj,Somoni,TJS,972,2,Dushanbe,Y,992,436,"01,02,03,04,05,12"
United Republic of Tanzania,Tanzania,TAN,TAN,TZ,TZA,834,EAT,.tz,Tanzanian Shilling,TZS,834,2,Dodoma,Y,255,640,"01,02,03,04,05,06,07,08,09,11"
Kingdom of Thailand,Thailand,THA,THA,TH,THA,764,T,.th,Baht,THB,764,2,Bangkok,Y,66,520,"00,01,03,04,05,15,18,20,23,99"
Democratic Republic of Timor-Leste,Timor-Leste,TLS,,TL,TLS,626,,.tl,US Dollar,USD,840,2,Dili,Y,670,514,"01,02"
Togolese Republic,Togo,TOG,TOG,TG,TGO,768,TG,.tg,CFA Franc BCEAO,XOF,952,0,Lomé,Y,228,615,"01,02,03"
,Tokelau,,,TK,TKL,772,,.tk,New Zealand Dollar,NZD,554,2,,Y,690,554,1
Kingdom of Tonga,Tonga,TGA,TGA,TO,TON,776,,.to,Pa’anga,TOP,776,2,Nukuʻalofa,Y,676,539,"01,43"
Republic of Trinidad and Tobago,Trinidad and Tobago,TRI,TTO,TT,TTO,780,TT,.tt,Trinidad and Tobago Dollar,TTD,780,2,Port of Spain,Y,1 868,374,"12,12,01,30,140"
Republic of Tunisia,Tunisia,TUN,TUN,TN,TUN,788,TN,.tn,Tunisian Dinar,TND,788,3,Tunis,Y,216,605,"01,02,03,06"
Republic of Turkey,Turkey,TUR,TUR,TR,TUR,792,TR,.tr,Turkish Lira,TRY,949,2,Ankara,Y,90,286,"01,02,03,04"
,Turkmenistan,TKM,TKM,TM,TKM,795,TM,.tm,Turkmenistan New Manat,TMT,934,2,Ashgabat,Y,993,438,"01,02"
,Turks and Caicos Islands,TCA,,TC,TCA,796,,.tc,US Dollar,USD,840,2,Cockburn Town,Y,1 649,376,"5,03,50,352"
,Tuvalu,,TUV,TV,TUV,798,,.tv,Australian Dollar,AUD,36,2,Funafuti,Y,688,553,1
Republic of Uganda,Uganda,UGA,UGA,UG,UGA,800,EAU,.ug,Uganda Shilling,UGX,800,0,Kampala,Y,256,641,"01,10,11,14,18,22,30,33,66"
,Ukraine,UKR,UKR,UA,UKR,804,UA,.ua,Hryvnia,UAH,980,2,Kyiv,Y,380,255,"01,02,03,04,05,06,07,21,39,50,67,68"
,United Arab Emirates,UAE,UAE,AE,ARE,784,UAE,.ae,UAE Dirham,AED,784,2,Abu Dhabi,Y,971,"42,44,30,431","424-02,424-03,430-02,431-02"
United Kingdom of Great Britain and Northern Ireland,United Kingdom,ENG,GBR,GB,GBR,826,GB,.uk,Pound Sterling,GBP,826,2,London,Y,44,"2,34,235","234-01,234-02,234-03,234-07,234-08,234-09,234-10,234-11,234-12,234-14,234-15th,234-16,234-17,234-18,234-19th,234-20,234-22nd,234-23,234-24,234-25th,234-26,234-27,234-28,234-30th,234-31,234-32,234-33,234-34,234-35,234-36,234-37,234-50,234-51,234-55,234-57,234-58,234-75,234-76,234-77,234-78,234-91,234-92,234-94,235-02"
United States of America,United States,USA,USA,US,USA,840,US,.us,US Dollar,USD,840,2,"Washington, D.C.",Y,1,"31,03,11,31,23,13,31,40,00,000","310-003,310-004,310-010,310-011,310-012,310-013,310-016,310-020,310-030,310-040,310-050,310-06,310-070,310-080,310-090,310-100,310-120,310-130,310-14th,310-150,310-15th,310-160,310-170,310-180,310-190,310-200,310-210,310-220,310-23,310-230,310-24,310-240,310-250,310-25th,310-260,310-26th,310-270,310-280,310-290,310-300,310-31,310-310,310-320,310-330,310-34,310-340,310-350,310-360,310-38,310-380,310-390,310-400,310-410,310-420,310-430,310-440,310-450,310-46,310-460,310-480,310-490,310-500,310-510,310-520,310-530,310-540,310-560,310-570,310-580,310-590,310-60,310-600,310-610,310-620,310-630,310-640,310-650,310-660,310-670,310-680,310-690,310-700,310-710,310-730,310-740,310-750,310-760,310-770,310-780,310-790,310-800,310-830,310-850,310-860,310-870,310-880,310-890,310-900,310-910,310-920,310-930,310-940,310-950,310-960,310-970,310-980,310-990,311-000,311-010,311-020,311-030,311-040,311-050,311-070,311-080,311-090,311-100,311-110,311-120,311-130,311-140,311-150,311-170,311-190,311-210,311-220,311-240,311-260,311-270,311-271,311-272,311-273,311-274,311-275,311-276,311-277,311-278,311-279,311-280,311-281,311-282,311-283,311-284,311-285,311-286,311-287,311-288,311-289,311-300,311-310,311-311,311-330,311-340,311-350,311-370,311-380,311-390,311-410,311-420,311-430,311-440,311-460,311-480,311-481,311-482,311-483,311-484,311-485,311-486,311-487,311-488,311-489,311-490,311-500,311-520,311-540,311-590,311-610,311-650,311-660,311-670,311-710,311-730,311-740,311-800,311-810,311-830,311-860,311-870,311-880,311-910,311-920,312-010,312-030,312-040,312-090,312-120,312-130,312-160,312-170,312-180,312-190,312-220,312-230,312-270,312-280,312-290,312-380,312-530,316-010,316-011"
,United States Minor Outlying Islands,,,UM,UMI,581,,,US Dollar,USD,840,2,,Y,246,,
Oriental Republic of Uruguay,Uruguay,URU,URU,UY,URY,858,UY,.uy,Peso Uruguayo,UYU,858,2,Montevideo,Y,598,748,"01,03,07,10"
Republic of Uzbekistan,Uzbekistan,UZB,UZB,UZ,UZB,860,UZ,.uz,Uzbekistan Sum,UZS,860,2,Tashkent,Y,998,434,"01,02,04,05,07"
Republic of Vanuatu,Vanuatu,VAN,VAN,VU,VUT,548,,.vu,Vatu,VUV,548,0,Port Vila,Y,678,541,"01,05"
Bolivarian Republic of Venezuela,Venezuela,VEN,VEN,VE,VEN,862,YV,.ve,Bolívar Soberano,VES,928,2,Caracas,Y,58,734,"01,02,03,04,06"
Socialist Republic of Vietnam,Viet Nam,VIE,VIE,VN,VNM,704,VN,.vn,Dong,VND,704,0,Hanoi,Y,84,452,"01,02,03,04,05,06,07,08"
,Virgin Islands (British),VGB,IVB,VG,VGB,92,BVI,.vg,US Dollar,USD,840,2,Road Town,Y,1 284,348,"17,05,70,770"
,Virgin Islands (U.S.),VIR,ISV,VI,VIR,850,,.vi,US Dollar,USD,840,2,Charlotte Amalie,Y,1 340,332,50
,Wallis and Futuna,,,WF,WLF,876,,.wf,CFP Franc,XPF,953,0,Mata Utu,Y,681,543,1
,Western Sahara,,,EH,ESH,732,,.eh,Moroccan Dirham,MAD,504,2,Tifariti,Y,212,,
Republic of Yemen,Yemen,YEM,YEM,YE,YEM,887,YAR,.ye,Yemeni Rial,YER,886,2,Aden,Y,967,421,"01,02,03,04"
Republic of Zambia,Zambia,ZAM,ZAM,ZM,ZMB,894,Z,.zm,Zambian Kwacha,ZMW,967,2,Lusaka,Y,260,645,"01,02,03"
Republic of Zimbabwe,Zimbabwe,ZIM,ZIM,ZW,ZWE,716,ZW,.zw,Zimbabwe Dollar,ZWL,932,2,Harare,Y,263,648,"01,03,04"
Republic of Abkhazia,Abkhazia,,,,,,,,,,,,Sukhumi,N,7,289,"67,68,88"
Republic of Kosovo,Kosovo,KVX,KOS,,,,RKS,,,,,,Pristina,N,383,221,"01,02,06,07"
,Zanzibar,,,,,,EAZ,,,,,,,N,255,,
,Ascension Island,,,,,,,.ac,,,,,Georgetown,N,247,,
Pridnestrovian Moldavian Republic,Transnistria,,,,,,,,,PRB,,,Tiraspol,,"373 2, 373 5",,
